City_ID,City,Lat,Lng,Max Temp,Humidity,Cloudiness,Wind Speed,Country,Date
0,punta arenas,-53.15,-70.9167,9.06,57,20,16.98,CL,1730056022
1,kapuskasing,49.4169,-82.4331,2.1,43,10,3.04,CA,1730056023
2,invercargill,-46.4,168.35,7.79,97,100,1.34,NZ,1730056024
3,college,64.8569,-147.8028,-12.03,75,100,0.0,US,1730056025
4,grytviken,-54.2811,-36.5092,-0.71,70,84,2.43,GS,1730056027
5,saipan,15.1355,145.701,28.39,89,40,3.6,MP,1730056028
6,ilulissat,69.2167,-51.1,-10.99,48,0,2.57,GL,1730056029
7,petropavlovsk-kamchatsky,53.0452,158.6483,-0.67,64,75,2.0,RU,1730056030
8,laguna,38.421,-121.4238,23.04,67,0,3.09,US,1730056031
9,port-aux-francais,-49.35,70.2167,1.32,60,100,12.01,TF,1730056033
10,edinburgh of the seven seas,-37.0676,-12.3116,15.7,94,100,12.22,SH,1730056034
11,sassandra,4.95,-6.0833,24.25,98,51,1.8,CI,1730056035
12,yellowknife,62.456,-114.3525,-0.88,100,100,4.63,CA,1730056037
13,touros,-5.1989,-35.4608,27.65,67,59,6.33,BR,1730055898
14,olonkinbyen,70.9221,-8.7187,-5.49,83,100,18.92,SJ,1730056039
15,viana do castelo,41.6932,-8.8329,15.11,75,1,5.41,PT,1730056040
16,afaahiti,-17.75,-149.2833,23.2,74,100,6.98,PF,1730056041
17,coxen hole,16.3244,-86.5366,28.6,89,75,2.57,HN,1730055917
18,kos,36.8933,27.2889,19.69,64,99,3.6,GR,1730056044
19,prescott,34.54,-112.4685,26.52,16,0,4.47,US,1730056045
20,gebeit,21.0667,36.3167,24.59,63,0,3.3,SD,1730056046
21,ribeira grande,38.5167,-28.7,20.22,68,20,4.47,PT,1730056047
22,helsby,53.274,-2.7691,9.63,92,75,5.14,GB,1730056049
23,sodankyla,67.4167,26.6,6.04,95,100,6.29,FI,1730056050
24,n'zeto,-7.2312,12.8666,25.02,89,100,5.52,AO,1730056051
25,iqaluit,63.7506,-68.5145,-6.28,73,27,5.81,CA,1730056052
26,waitangi,-43.9535,-176.5597,13.79,98,100,4.92,NZ,1730056053
27,puerto natales,-51.7236,-72.4875,7.25,81,100,8.75,CL,1730056054
28,rongelap,11.1635,166.8941,28.52,77,83,4.55,MH,1730056056
29,valledupar,10.4631,-73.2532,36.14,40,64,3.34,CO,1730056048
30,bredasdorp,-34.5322,20.0403,15.5,87,100,10.12,ZA,1730056058
31,tazovsky,67.4667,78.7,-5.07,96,100,4.33,RU,1730056059
32,lebu,-37.6167,-73.65,12.9,72,1,8.53,CL,1730056060
33,ocean shores,46.9737,-124.1563,12.75,93,100,9.26,US,1730056062
34,isafjordur,66.0755,-23.124,-5.1,77,13,3.95,IS,1730056064
35,adamstown,-25.066,-130.1015,22.03,83,68,6.37,PN,1730056065
36,mogocha,53.7333,119.7667,-8.45,96,8,1.09,RU,1730056066
37,bethel,41.3712,-73.414,13.9,31,0,4.12,US,1730056067
38,grand gaube,-20.0064,57.6608,24.1,90,100,2.85,MU,1730056069
39,montmagny,48.9734,2.3469,15.57,93,20,2.57,FR,1730056070
40,roma,43.2128,-75.4557,11.08,53,100,5.14,US,1730056071
41,port mathurin,-19.6833,63.4167,23.81,81,4,5.7,MU,1730056072
42,talnakh,69.4865,88.3972,-14.39,95,100,4.95,RU,1730056073
43,albany,42.6001,-73.9662,12.58,41,13,1.79,US,1730055981
44,zouerate,22.7187,-12.4521,23.37,30,19,4.56,MR,1730056076
45,sabang,5.8933,95.3214,28.35,77,100,8.62,ID,1730056077
46,jamestown,42.097,-79.2353,13.34,40,75,4.12,US,1730056078
47,arvika,59.6553,12.5852,6.48,76,0,4.72,SE,1730056081
48,remire-montjoly,4.9167,-52.2667,32.02,58,0,6.69,GF,1730055784
49,stanley,54.868,-1.6985,7.01,93,75,1.03,GB,1730056083
50,vanino,49.0869,140.2543,-0.53,64,97,2.09,RU,1730056084
51,kochenevo,55.0218,82.202,3.66,92,100,4.75,RU,1730056086
52,daru,-9.0763,143.2092,24.89,96,100,1.94,PG,1730056087
53,ancud,-41.8697,-73.8203,12.6,64,0,4.37,CL,1730056088
54,constantia,44.1833,28.65,10.39,83,9,5.53,RO,1730056089
55,novyy urgal,51.0736,132.5642,-2.97,69,100,1.06,RU,1730056091
56,horta,38.5333,-28.6333,19.8,79,20,4.47,PT,1730056092
57,codrington,-38.2667,141.9667,9.22,78,0,4.0,AU,1730056093
58,antalaha,-14.9003,50.2788,23.14,94,100,1.59,MG,1730055800
59,tarfaya,27.9358,-12.9218,20.54,78,1,9.11,MA,1730056095
60,flying fish cove,-10.4217,105.6791,24.82,83,100,3.6,CX,1730056097
61,shiguai,40.7058,110.2856,5.74,63,0,1.71,CN,1730056098
62,hermanus,-34.4187,19.2345,14.33,86,98,7.12,ZA,1730056099
63,bowen,-20.0167,148.2333,23.41,80,59,6.23,AU,1730055891
64,miahuatlan de porfirio diaz,16.3333,-96.6,21.86,67,63,4.03,MX,1730056102
65,lihue,21.9789,-159.3672,26.77,74,40,7.2,US,1730056103
66,bilibino,68.0546,166.4372,-11.91,94,100,1.81,RU,1730056104
67,anadyr,64.75,177.4833,-1.72,86,75,14.75,RU,1730056027
68,belmonte,-15.8631,-38.8828,27.92,63,54,4.52,BR,1730056106
69,prince rupert,54.3161,-130.3201,7.66,82,100,1.97,CA,1730056108
70,terenozek,45.05,64.9833,7.72,52,75,7.76,KZ,1730056109
71,ushuaia,-54.8,-68.3,7.3,75,62,1.77,AR,1730056110
72,ust-nera,64.5667,143.2,-19.52,99,96,1.99,RU,1730056111
73,margaret river,-33.95,115.0667,10.56,92,9,4.03,AU,1730056112
74,bulgan,48.8125,103.5347,2.31,98,100,1.96,MN,1730055856
75,georgetown,5.4112,100.3354,25.97,88,40,2.24,MY,1730055924
76,port alfred,-33.5906,26.891,18.1,61,29,3.17,ZA,1730056117
77,choyr,46.3611,108.3611,3.44,63,100,2.92,MN,1730056118
78,anna regina,7.2644,-58.5077,29.61,67,100,4.89,GY,1730056119
79,carnarvon,-24.8667,113.6333,22.47,55,0,7.85,AU,1730056120
80,santa helena de goias,-17.8136,-50.5969,31.43,48,67,6.4,BR,1730056122
81,putina,-15.4667,-69.4333,13.61,56,33,4.86,PE,1730056123
82,blackmans bay,-43.0167,147.3167,7.07,80,8,1.34,AU,1730056124
83,tiksi,71.6872,128.8694,-14.64,93,100,2.32,RU,1730056125
84,whitehorse,60.7161,-135.0538,-4.57,85,100,5.66,CA,1730056126
85,lompoc,34.6391,-120.4579,20.63,77,40,6.17,US,1730055918
86,khorixas,-20.3667,14.9667,16.12,40,0,5.4,NA,1730056129
87,hasaki,35.7333,140.8333,21.74,91,100,7.7,JP,1730056130
88,longyearbyen,78.2186,15.6401,-0.09,100,100,0.0,SJ,1730055981
89,thompson,55.7435,-97.8558,-0.76,54,100,4.4,CA,1730056132
90,tanout,14.9709,8.8879,28.6,15,88,4.05,NE,1730056093
91,puerto ayora,-0.7393,-90.3518,22.53,90,67,2.24,EC,1730056135
92,yeniseysk,58.4497,92.1703,2.77,97,100,2.56,RU,1730056136
93,badger,64.8,-147.5333,-12.07,82,100,0.0,US,1730056108
94,kilju,40.9642,129.3278,8.04,73,64,0.79,KP,1730056138
95,ilomantsi,62.6716,30.9328,6.29,94,100,4.66,FI,1730056140
96,timbuktu,16.7735,-3.0074,34.2,16,18,2.47,ML,1730056142
97,selfoss,63.9331,-20.9971,-2.75,76,28,3.41,IS,1730056143
98,saldanha,-33.0117,17.9442,15.96,85,100,9.38,ZA,1730056146
99,luderitz,-26.6481,15.1594,13.91,67,2,5.12,NA,1730056148
100,lagos,6.5833,3.75,25.61,91,1,1.36,NG,1730055896
101,keflavik,64.0049,-22.5624,1.24,80,0,2.06,IS,1730056151
102,hamilton,39.1834,-84.5333,17.18,39,0,1.54,US,1730056136
103,lazaro cardenas,17.9583,-102.2,31.49,54,0,2.38,MX,1730056153
104,sokcho,38.2083,128.5911,15.34,94,100,8.75,KR,1730056154
105,holtville,32.8112,-115.3803,33.95,15,0,0.0,US,1730056155
106,sheringham,52.9408,1.2093,10.96,76,100,4.7,GB,1730056157
107,lakatoro,-16.0999,167.4164,25.83,86,100,3.84,VU,1730056158
108,lensk,60.7253,114.9278,-2.54,97,100,1.91,RU,1730056159
109,kodiak,57.79,-152.4072,3.73,65,0,4.12,US,1730056022
110,papatowai,-46.5619,169.4708,7.29,91,96,2.78,NZ,1730056162
111,puerto ayacucho,5.6639,-67.6236,33.9,57,100,2.46,VE,1730056163
112,hobyo,5.3505,48.5268,26.28,82,93,4.93,SO,1730056165
113,melekeok village,7.4957,134.6367,27.49,83,100,6.74,PW,1730056166
114,motueka,-41.1333,173.0167,10.05,86,88,0.83,NZ,1730056167
115,takanabe,32.1333,131.5,21.67,97,95,1.71,JP,1730056168
116,santa rita,-7.1139,-34.9781,29.37,65,20,6.17,BR,1730056170
117,visconde do rio branco,-21.0103,-42.8406,23.97,84,100,3.81,BR,1730055969
118,tanah merah,5.8,102.15,23.83,93,100,1.07,MY,1730056172
119,dauphin,51.1494,-100.0502,8.27,44,100,6.03,CA,1730056173
120,jining,35.405,116.5814,11.58,82,0,1.43,CN,1730056125
121,holboca,47.15,27.7,12.97,67,0,0.45,RO,1730056175
122,east london,-33.0153,27.9116,15.52,82,0,2.06,ZA,1730055918
123,severo-yeniseyskiy,60.3725,93.0408,-6.04,99,99,1.24,RU,1730056178
124,nova sintra,14.8667,-24.7167,26.84,77,100,10.55,CV,1730056179
125,hami,42.8,93.45,12.38,34,0,3.72,CN,1730056180
126,sandnessjoen,66.0217,12.6316,6.06,87,75,8.23,NO,1730056181
127,koungou,-12.7336,45.2042,25.84,83,0,0.51,YT,1730056182
128,geneina,13.45,22.45,26.12,19,100,4.69,SD,1730056184
129,camacupa,-12.0167,17.4833,16.97,94,100,2.14,AO,1730056185
130,thunder bay,48.4001,-89.3168,5.99,75,100,7.2,CA,1730055962
131,annonay,45.2397,4.6708,13.57,83,50,1.4,FR,1730056187
132,kashima-shi,35.9654,140.6447,18.83,98,100,1.96,JP,1730056063
133,cill airne,52.05,-9.5167,13.68,98,100,3.32,IE,1730056190
134,snovsk,51.8239,31.9428,7.36,72,0,2.79,UA,1730056191
135,st. john's,47.5649,-52.7093,9.43,71,6,4.47,CA,1730056192
136,quarai,-30.3875,-56.4514,23.06,45,2,4.09,BR,1730056193
137,udachny,66.4167,112.4,-18.33,99,96,1.89,RU,1730056195
138,tomatlan,19.9333,-105.25,33.55,38,0,1.69,MX,1730056196
139,winston,28.0317,-82.0148,28.33,53,40,4.12,US,1730056013
140,san patricio,28.017,-97.5169,30.97,41,0,4.47,US,1730056198
141,sinabang,2.4803,96.3801,26.17,83,100,1.26,ID,1730056199
142,guerrero negro,27.9769,-114.0611,24.75,49,0,4.66,MX,1730056201
143,amungan,15.3652,119.9582,25.71,85,0,1.78,PH,1730056203
144,kanoya,31.3833,130.85,22.4,93,100,0.74,JP,1730056204
145,fale old settlement,-9.3852,-171.2468,28.02,73,100,6.72,TK,1730056205
146,mkushi,-13.6202,29.3939,19.44,87,100,5.94,ZM,1730056206
147,praia da vitoria,38.7333,-27.0667,17.67,74,71,3.08,PT,1730056208
148,bolo,13.7899,120.9817,26.44,84,100,7.35,PH,1730056209
149,bereznik,62.8551,42.7072,0.25,95,5,1.86,RU,1730056210
150,nuku'alofa,-21.1333,-175.2,23.19,88,20,2.57,TO,1730056211
151,port-gentil,-0.7193,8.7815,26.24,84,100,6.09,GA,1730056212
152,vung tau,10.346,107.0843,26.02,88,100,8.04,VN,1730056214
153,heroica guaymas,27.9333,-110.9,32.65,49,20,5.66,MX,1730056193
154,richlands,37.0932,-81.7937,16.88,52,10,1.06,US,1730056217
155,motygino,58.1831,94.7592,0.92,98,100,1.26,RU,1730056218
156,port elizabeth,-33.918,25.5701,18.98,46,56,9.19,ZA,1730056079
157,west island,-12.1568,96.8225,25.99,83,20,4.63,CC,1730056220
158,rantauprapat,2.1,99.8333,22.84,94,100,1.16,ID,1730056221
159,soe,-9.8607,124.284,19.27,84,5,1.35,ID,1730056222
160,malango,-2.9627,119.9001,18.27,86,6,1.19,ID,1730056224
161,ola,59.5833,151.2833,-8.88,54,100,5.98,RU,1730056225
162,kerikeri,-35.2268,173.9474,12.48,69,99,2.29,NZ,1730056196
163,turaif,31.6725,38.6637,17.14,55,0,4.12,SA,1730056227
164,nizhneangarsk,55.7833,109.55,-1.0,81,67,2.54,RU,1730056228
165,kingscliff,-28.2667,153.5667,20.89,83,100,4.63,AU,1730056229
166,richards bay,-28.783,32.0377,25.88,55,100,7.23,ZA,1730055802
167,bezhetsk,57.7851,36.6965,6.41,94,100,2.58,RU,1730056233
168,international falls,48.6011,-93.411,12.1,53,0,5.14,US,1730056234
169,darasun,51.6667,114.0,-5.59,94,100,0.87,RU,1730056235
170,kangding,30.0513,101.9603,6.7,82,55,1.15,CN,1730056237
171,sabha,27.0377,14.4283,22.73,22,43,4.87,LY,1730056238
172,tobati,-25.25,-57.0667,32.04,16,6,2.48,PY,1730056240
173,griffith,41.5284,-87.4237,14.41,39,0,3.09,US,1730056241
174,mili,6.0815,171.735,28.52,74,76,4.19,MH,1730056242
175,amurzet,47.6967,131.0981,1.45,68,60,3.3,RU,1730056244
176,igarka,67.4667,86.5833,-13.04,96,100,4.31,RU,1730056245
177,qaqortoq,60.7167,-46.0333,0.18,97,100,4.2,GL,1730056246
178,avarua,-21.2078,-159.775,23.03,73,75,4.63,CK,1730056247
179,cold lake,54.4502,-110.2017,5.68,55,100,7.89,CA,1730056173
180,rotonda west,26.8837,-82.2901,29.02,100,100,5.79,US,1730056250
181,guatire,10.4762,-66.5427,29.14,70,100,1.91,VE,1730056054
182,majene,-3.5403,118.9707,25.51,82,5,1.45,ID,1730056252
183,steamboat springs,40.485,-106.8317,17.96,24,0,1.54,US,1730056253
184,zuyevka,58.405,51.1335,1.95,97,100,0.3,RU,1730056255
185,aleksandrov gay,50.147,48.5704,7.07,78,92,4.25,RU,1730056256
186,kayyerkan,69.3786,87.7439,-11.98,92,100,4.48,RU,1730056258
187,suozhen,36.9539,118.1047,9.0,75,0,0.27,CN,1730056259
188,hadibu,12.65,54.0333,27.13,77,43,3.32,YE,1730056260
189,dawson creek,55.7666,-120.2362,2.12,80,100,2.38,CA,1730056261
190,xining,36.6167,101.7667,6.06,49,99,0.18,CN,1730056251
191,north manchester,41.0006,-85.7686,15.68,38,0,2.92,US,1730056263
192,samana,19.2056,-69.3369,32.12,74,40,2.06,DO,1730056265
193,carutapera,-1.195,-46.02,29.34,59,9,4.87,BR,1730056266
194,banda aceh,5.5577,95.3222,26.97,78,100,6.07,ID,1730056267
195,makoua,0.0069,15.6333,25.86,81,83,1.03,CG,1730056268
196,bundaberg north,-24.8551,152.3425,19.67,77,53,1.35,AU,1730056269
197,tutong,4.8,114.65,25.1,92,19,1.26,BN,1730056271
198,xilin hot,43.9667,116.0333,2.03,64,79,2.44,CN,1730056272
199,northam,51.0333,-4.2167,10.9,85,100,4.52,GB,1730056273
200,gevas,38.2968,43.1083,1.78,69,0,0.25,TR,1730056275
201,sisimiut,66.9395,-53.6735,-7.53,59,100,4.16,GL,1730056277
202,uturoa,-16.7333,-151.4333,25.28,72,72,6.83,PF,1730056278
203,minas de marcona,-15.2119,-75.1103,20.64,45,7,7.63,PE,1730056279
204,wamba,8.9333,8.6,24.9,55,24,1.15,NG,1730056280
205,perevoz,55.5961,44.5446,5.23,82,100,1.7,RU,1730056281
206,dakhla,23.6848,-15.958,19.74,82,1,7.23,EH,1730056057
207,malone,44.8487,-74.2949,4.03,85,100,5.22,US,1730056285
208,papao,-17.75,-149.55,26.82,72,100,6.88,PF,1730056287
209,al wafrah,28.6392,47.9306,22.54,20,0,4.3,KW,1730056288
210,sinop,41.7711,34.8709,9.25,72,0,2.6,TR,1730056289
211,vernon,50.2581,-119.2691,13.58,56,88,3.58,CA,1730056290
212,mulki,13.1,74.8,25.6,83,40,1.54,IN,1730056095
213,djambala,-2.5447,14.7533,21.33,94,100,1.57,CG,1730056292
214,homer,59.6425,-151.5483,3.91,85,0,0.0,US,1730056294
215,fort st. john,56.2499,-120.8529,-0.06,93,100,2.57,CA,1730056295
216,claveria,18.6074,121.0832,25.4,85,100,3.62,PH,1730056297
217,tillaberi,14.2117,1.4531,33.38,14,4,4.19,NE,1730056298
218,pont rouge,48.8833,-72.0825,1.58,49,100,7.7,CA,1730056299
219,clearwater,27.9659,-82.8001,27.99,63,0,1.54,US,1730056156
220,malvan,16.0667,73.4667,26.15,83,6,0.83,IN,1730056302
221,la ronge,55.1001,-105.2842,4.55,67,100,9.05,CA,1730056303
222,gisborne,-38.6533,178.0042,12.95,58,1,6.35,NZ,1730056304
223,pandan,14.0453,124.1694,26.47,86,100,6.87,PH,1730056305
224,hithadhoo,-0.6,73.0833,27.61,78,53,4.47,MV,1730056307
225,carbonear,47.7332,-53.2148,8.89,70,6,9.24,CA,1730056309
226,xai-xai,-25.0519,33.6442,27.39,59,100,5.7,MZ,1730056310
227,ciudad lazaro cardenas,17.9583,-102.2,31.49,54,0,2.38,MX,1730056311
228,tlahualilo de zaragoza,26.1167,-103.45,25.9,37,0,2.31,MX,1730056312
229,pariaman,-0.619,100.12,23.03,80,98,2.2,ID,1730056313
230,olinda,-8.0089,-34.8553,27.85,74,40,5.14,BR,1730056314
231,shimoda,34.6667,138.95,21.66,93,100,4.69,JP,1730056316
232,vilyuchinsk,52.9306,158.4028,0.15,77,38,3.64,RU,1730056318
233,mount pearl,47.5166,-52.7813,8.97,72,7,4.92,CA,1730056320
234,beledweyne,4.7358,45.2036,30.19,58,100,3.11,SO,1730056322
235,long beach,33.767,-118.1892,24.5,67,0,3.09,US,1730056090
236,siwa oasis,29.2041,25.5195,22.25,40,0,2.37,EG,1730056324
237,moyo,3.6609,31.7247,20.81,86,79,1.37,UG,1730056326
238,arraial do cabo,-22.9661,-42.0278,23.92,73,75,2.57,BR,1730056327
239,kochubey,44.3861,46.5825,8.31,56,100,1.41,RU,1730056328
240,yelizovo,53.1873,158.3805,0.08,64,75,2.0,RU,1730056329
241,san antonio de pale,-1.4014,5.6325,25.53,84,100,7.05,GQ,1730056330
242,isangel,-19.55,169.2667,23.74,86,87,6.25,VU,1730056068
243,quiindy,-25.9667,-57.2667,31.77,18,5,3.18,PY,1730056333
244,ebon,4.582,168.6964,28.6,69,15,3.31,MH,1730056334
245,tres isletas,-26.3407,-60.4321,32.46,14,0,2.89,AR,1730056335
246,barra de santo antonio,-9.4047,-35.5072,27.09,73,8,4.97,BR,1730056337
247,cabo san lucas,22.8909,-109.9124,32.64,46,0,4.63,MX,1730056166
248,crane,31.3974,-102.3501,30.67,22,0,3.66,US,1730056340
249,obock,12.25,43.0833,23.91,73,10,6.37,DJ,1730056341
250,port said,31.2565,32.2841,23.99,62,0,7.72,EG,1730056322
251,as safirah,36.077,37.3725,15.82,30,0,1.61,SY,1730056343
252,idabel,33.8957,-94.8263,21.97,73,40,3.09,US,1730056345
253,karratha,-20.7377,116.8463,27.8,46,0,4.28,AU,1730056346
254,luba,3.4568,8.5547,26.8,85,32,2.79,GQ,1730056347
255,kapa'a,22.0752,-159.319,27.18,85,40,7.2,US,1730056348
256,tofol,5.3248,163.0078,28.89,68,44,1.37,FM,1730056349
257,masterton,-40.9597,175.6575,11.28,65,8,4.92,NZ,1730056350
258,cestos city,5.46,-9.5828,26.11,85,73,2.96,LR,1730056352
259,atafu village,-8.5421,-172.5159,28.03,72,100,6.74,TK,1730056353
260,calama,-22.4667,-68.9333,26.27,6,0,9.77,CL,1730056354
261,constitucion,-35.3333,-72.4167,18.68,65,14,4.98,CL,1730056079
262,mount isa,-20.7333,139.5,24.87,16,6,5.14,AU,1730056358
263,weno,7.4515,151.8468,27.97,83,100,0.0,FM,1730056359
264,cabedelo,-6.9811,-34.8339,29.37,70,16,5.68,BR,1730056360
265,dodge city,37.7528,-100.0171,23.72,40,0,7.2,US,1730056315
266,zheleznogorsk,52.331,35.3711,6.85,75,100,2.5,RU,1730056362
267,cascais,38.6979,-9.4215,15.84,80,20,6.69,PT,1730056203
268,clorinda,-25.2848,-57.7185,32.9,32,46,2.64,AR,1730056365
269,nueva gerona,21.8833,-82.8,28.63,60,92,6.42,CU,1730056202
270,kingston,17.997,-76.7936,27.31,88,69,1.23,JM,1730056312
271,maitum,6.0392,124.4986,25.75,78,92,3.48,PH,1730056368
272,saint-philippe,-21.3585,55.7679,24.3,88,100,2.04,RE,1730056369
273,yanchep,-31.55,115.6833,14.91,52,0,3.49,AU,1730056371
274,ta`u,-14.2336,-169.5144,26.56,83,34,7.0,AS,1730056372
275,ngorongoro,-3.2397,35.4875,15.77,59,24,0.52,TZ,1730056373
276,chimoio,-19.1164,33.4833,25.55,45,59,1.43,MZ,1730056075
277,puerto armuelles,8.2833,-82.8667,27.83,75,43,0.45,PA,1730056302
278,imperatriz,-5.5264,-47.4917,39.55,19,6,2.68,BR,1730056377
279,vadso,70.0744,29.7487,7.09,81,75,8.75,NO,1730056378
280,sona,45.4388,10.8255,17.51,94,40,1.54,IT,1730056381
281,usogorsk,63.4106,48.6872,0.54,94,22,1.18,RU,1730056382
282,rio preto da eva,-2.6994,-59.6997,37.2,28,100,1.91,BR,1730056383
283,lorengau,-2.0226,147.2712,28.11,79,17,5.48,PG,1730056384
284,puebloviejo,10.9938,-74.2844,35.1,59,20,2.57,CO,1730056159
285,moranbah,-22.0016,148.0466,19.32,80,5,4.57,AU,1730056272
286,nechi,8.0942,-74.7757,31.42,67,100,0.94,CO,1730056388
287,nantucket,41.2835,-70.0995,12.06,28,0,4.12,US,1730056282
288,neryungri,56.6709,124.6491,-9.68,97,98,1.29,RU,1730056390
289,hawaiian paradise park,19.5933,-154.9731,24.39,98,100,2.06,US,1730056391
290,saint-joseph,-21.3667,55.6167,23.21,88,100,2.41,RE,1730056392
291,pangai,-19.8,-174.35,25.06,78,75,3.09,TO,1730056394
292,nabire,-3.3667,135.4833,24.05,93,37,1.27,ID,1730056395
293,tolanaro,-25.0319,46.9987,25.04,94,40,9.77,MG,1730056397
294,pocone,-16.2567,-56.6228,26.24,85,100,1.41,BR,1730056399
295,khandyga,62.6667,135.6,-19.36,96,100,0.08,RU,1730056400
296,utrik,11.2278,169.8474,28.55,76,89,4.56,MH,1730056401
297,sao joao do piaui,-8.3581,-42.2467,39.94,14,4,1.33,BR,1730056403
298,kununurra,-15.7667,128.7333,25.99,73,20,0.51,AU,1730056404
299,ursulo galvan,22.7333,-98.3,29.55,59,33,1.03,MX,1730056405
300,kuraymah,18.55,31.85,26.58,11,58,5.11,SD,1730056406
301,palmares do sul,-30.2578,-50.5097,21.23,44,0,5.04,BR,1730056407
302,new norfolk,-42.7826,147.0587,7.06,71,9,3.72,AU,1730056408
303,nyrob,60.733,56.7202,-0.79,94,81,1.23,RU,1730056410
304,bontang,0.1333,117.5,25.4,86,47,2.6,ID,1730056411
305,port douglas,-16.4833,145.4667,24.72,89,100,4.53,AU,1730056412
306,midvagur,62.0511,-7.1939,3.46,87,75,0.0,FO,1730056413
307,paramirim,-13.4425,-42.2389,36.58,12,100,4.33,BR,1730056414
308,halifax,44.6453,-63.5724,9.69,42,6,3.58,CA,1730056130
309,caleta de carquin,-11.0925,-77.6267,20.59,72,24,5.32,PE,1730056417
310,tafuna,-14.3358,-170.72,28.97,79,40,4.63,AS,1730056418
311,la'ie,21.6477,-157.9253,27.66,85,85,3.58,US,1730056419
312,puerto baquerizo moreno,-0.9,-89.6,24.55,69,40,6.69,EC,1730056207
313,isaka,-3.9,32.9333,21.65,73,7,2.34,TZ,1730056422
314,el granada,37.5027,-122.4694,21.36,84,75,2.57,US,1730056424
315,saudarkrokur,65.7461,-19.6394,-7.7,84,12,3.91,IS,1730056425
316,santyoku,37.4406,129.1708,15.57,87,100,2.67,KR,1730056426
317,juneau,58.3019,-134.4197,4.0,97,100,1.54,US,1730056414
318,geraldton,-28.7667,114.6,12.23,87,0,3.09,AU,1730056428
319,wailua homesteads,22.0669,-159.378,26.44,85,40,7.2,US,1730056430
320,la passe,45.5549,-0.8967,14.3,85,0,2.41,FR,1730056431
321,suva,-18.1416,178.4415,24.71,94,40,1.03,FJ,1730056132
322,chui,-33.6971,-53.4616,19.96,56,1,4.04,UY,1730056433
323,itaituba,-4.2761,-55.9836,36.09,44,20,2.06,BR,1730056434
324,kruisfontein,-34.0033,24.7314,14.82,61,97,8.43,ZA,1730056436
325,taoudenni,22.6783,-3.9836,30.67,19,1,3.36,ML,1730056437
326,alice springs,-23.7,133.8833,15.75,44,0,2.57,AU,1730056438
327,kathor,21.3,72.9333,24.89,66,78,1.33,IN,1730056439
328,east ballina,-28.8667,153.5833,19.07,86,100,4.71,AU,1730056440
329,sejong,36.4817,127.2871,12.51,92,100,0.99,KR,1730056441
330,turpan,42.9333,89.1667,14.89,39,0,0.4,CN,1730056443
331,landerneau,48.4525,-4.2525,11.42,100,75,1.54,FR,1730056444
332,sligo,54.2697,-8.4694,12.99,98,100,3.63,IE,1730056445
333,bonito,-21.1211,-56.4819,32.84,35,100,2.68,BR,1730056446
334,sidi bennour,32.6524,-8.4277,17.02,66,0,5.19,MA,1730056447
335,iskateley,67.6803,53.1512,0.27,92,99,4.06,RU,1730056448
336,lashio,22.9333,97.75,18.13,98,1,0.47,MM,1730056450
337,oum hadjer,13.2954,19.6966,30.82,18,100,4.38,TD,1730056451
338,susuman,62.7833,148.1667,-19.74,98,100,1.07,RU,1730056452
339,galesong,-5.3166,119.3661,26.98,75,7,4.67,ID,1730056453
340,las tablas,7.7667,-80.2833,27.32,99,100,6.71,PA,1730056454
341,pisco,-13.7,-76.2167,21.03,68,0,4.12,PE,1730056385
342,ulsteinvik,62.3432,5.8487,8.2,86,100,1.79,NO,1730056457
343,lospalos,-8.5186,127.0025,22.08,96,18,0.95,TL,1730056458
344,smithers,54.7804,-127.1743,3.18,100,100,0.0,CA,1730056459
345,labrador city,52.9463,-66.9114,-1.57,76,100,31.74,CA,1730056460
346,nuuk,64.1835,-51.7216,-1.66,69,75,1.54,GL,1730056441
347,chonchi,-42.6128,-73.8092,15.04,50,12,0.89,CL,1730056462
348,quang ngai,15.1167,108.8,20.55,91,100,1.85,VN,1730056464
349,enewetak,11.3474,162.3373,28.44,79,49,3.81,MH,1730056353
350,andovoranto,-18.95,49.1,23.03,95,52,1.92,MG,1730056467
351,cotonou,6.3654,2.4183,26.83,85,5,3.15,BJ,1730056424
352,haiku-pauwela,20.9219,-156.3051,25.14,78,100,11.62,US,1730056323
353,hanzhong,33.0728,107.0303,12.34,70,0,0.46,CN,1730056471
354,naliya,23.2667,68.8333,27.77,77,80,3.02,IN,1730056474
355,znamenskoye,57.1281,73.8282,3.67,95,100,1.58,RU,1730056475
356,dolores,-36.3132,-57.6792,24.64,42,43,4.23,AR,1730056476
357,nyagan,62.1406,65.3936,-0.22,84,100,1.28,RU,1730056477
358,nelson bay,-32.7167,152.15,16.67,90,0,2.24,AU,1730056478
359,kirkwall,58.9848,-2.9587,9.42,87,75,4.12,GB,1730056427
360,dudinka,69.4058,86.1778,-12.68,95,100,7.88,RU,1730056481
361,arar,30.9753,41.0381,16.01,39,0,2.06,SA,1730056414
362,as sulayyil,20.4607,45.5779,25.55,39,0,4.93,SA,1730056484
363,alaghsas,17.0187,8.0168,29.58,13,15,5.98,NE,1730056485
364,rakops,-21.0167,24.3333,29.4,7,0,3.38,BW,1730056486
365,leirvik,59.7798,5.5005,9.79,100,75,6.69,NO,1730056487
366,tucurui,-3.7661,-49.6725,38.76,21,83,2.45,BR,1730056489
367,sola,-13.8833,167.55,26.37,83,100,7.21,VU,1730056490
368,balboa,2.0396,-77.2168,25.3,62,100,1.84,CO,1730056491
369,nova xavantina,-14.6667,-52.35,32.52,47,81,2.31,BR,1730056492
370,klyuchi,52.2667,79.1667,6.4,66,100,2.47,RU,1730056495
371,aswan,24.0934,32.907,24.67,19,0,5.53,EG,1730056496
372,axim,4.8699,-2.2405,26.03,87,15,2.96,GH,1730056442
373,levuka,50.1834,-105.4011,12.84,36,100,5.83,CA,1730056499
374,torre del mar,36.7414,-4.0946,13.25,87,95,2.55,ES,1730056500
375,naze,28.3667,129.4833,22.51,85,8,0.36,JP,1730056501
376,porto-vecchio,41.591,9.2795,18.81,88,75,5.14,FR,1730056347
377,westport,41.1415,-73.3579,14.93,29,0,4.63,US,1730056433
378,ghat,24.9647,10.1728,27.82,18,100,2.14,LY,1730056504
379,tateyama,34.9833,139.8667,22.75,92,100,7.83,JP,1730056244
380,tsiombe,-25.3,45.4833,22.94,91,71,4.2,MG,1730056507
381,chegdomyn,51.1167,133.0167,-5.9,85,100,0.69,RU,1730056508
382,kantharalak,14.6406,104.6499,21.04,96,100,2.72,TH,1730056509
383,bathsheba,13.2167,-59.5167,31.34,70,40,6.17,BB,1730056510
384,douentza,14.9951,-2.9517,33.36,17,84,2.73,ML,1730056511
385,san jose del cabo,23.0589,-109.6977,33.6,41,0,3.09,MX,1730056408
386,alenquer,-1.9417,-54.7383,37.31,25,100,5.1,BR,1730056514
387,navia,43.5354,-6.7194,13.23,95,88,1.57,ES,1730056515
388,kemijarvi,66.7131,27.4306,6.92,91,100,6.45,FI,1730056516
389,cheongju-si,36.6372,127.4897,10.98,100,75,0.51,KR,1730056519
390,kailua-kona,19.6406,-155.9956,26.27,86,20,2.57,US,1730056520
391,bushehr,28.9684,50.8385,25.05,53,0,5.14,IR,1730056521
392,machico,32.7,-16.7667,20.56,79,75,8.75,PT,1730056523
393,monrovia,6.3005,-10.7969,26.28,84,16,2.83,LR,1730056524
394,antsiranana,-12.2787,49.2917,24.68,90,35,4.15,MG,1730056525
395,chak five hundred seventy-five,31.55,73.8333,24.48,43,0,3.51,PK,1730056526
396,cole harbour,44.6724,-63.4751,8.31,42,6,6.69,CA,1730056527
397,al mindak,20.1588,41.2834,19.62,56,100,1.8,SA,1730056528
398,kidal,18.4411,1.4078,31.76,14,5,4.04,ML,1730056530
399,kapoeta,4.7717,33.5903,27.56,54,52,2.63,SS,1730056531
400,san agustin de valle fertil,-30.6335,-67.4682,26.44,25,0,6.7,AR,1730056532
401,yeppoon,-23.1333,150.7333,21.71,70,11,5.08,AU,1730056508
402,puerto deseado,-47.7503,-65.8938,16.55,30,18,9.36,AR,1730056283
403,olyokminsk,60.3736,120.4264,-6.71,97,100,0.77,RU,1730056536
404,magdalena,14.1999,121.429,24.68,96,97,2.98,PH,1730056537
405,fort-shevchenko,44.5086,50.263,9.3,60,96,4.93,KZ,1730056538
406,argo,37.6333,22.7333,16.04,52,0,1.58,GR,1730056539
407,lev tolstoy,53.2134,39.446,8.14,73,100,1.78,RU,1730056540
408,plouzane,48.3833,-4.6167,11.03,100,40,2.57,FR,1730056542
409,onega,63.9061,38.1404,1.5,93,14,3.29,RU,1730056543
410,nevesinje,43.2586,18.1133,9.48,90,68,1.09,BA,1730056272
411,meadow lake,34.8014,-106.5436,23.25,28,5,2.89,US,1730056545
412,ardakan,32.31,54.0175,15.29,32,3,5.66,IR,1730056547
413,nadym,65.5333,72.5167,-2.09,98,100,3.22,RU,1730056539
414,tanabe,33.7333,135.3667,20.3,97,100,4.37,JP,1730056395
415,tyuratam,45.6507,63.3156,7.19,56,19,7.77,KZ,1730056493
416,hinatuan,8.3722,126.3342,24.72,81,100,3.15,PH,1730056551
417,tari,-11.1105,14.3559,19.99,89,99,1.22,AO,1730056415
418,masuguru,-11.3667,38.4167,27.14,64,0,4.06,TZ,1730056554
419,phan rang-thap cham,11.5667,108.9833,24.01,87,100,2.6,VN,1730056555
420,kudahuvadhoo,2.6708,72.8944,28.2,70,90,6.37,MV,1730056556
421,kerema,-7.9631,145.7785,24.51,91,48,3.92,PG,1730056558
422,graaff-reinet,-32.2522,24.5308,15.51,41,3,12.42,ZA,1730056559
423,las lomitas,-24.7096,-60.593,35.1,11,1,2.11,AR,1730056560
424,oldenburg in holstein,54.3,10.8833,9.22,83,2,3.92,DE,1730056561
425,tralee,52.2704,-9.7026,13.89,97,100,4.15,IE,1730056309
426,aleg,17.0481,-13.9209,34.12,15,100,3.77,MR,1730056563
427,alofi,-19.0595,-169.9187,24.94,88,20,4.63,NU,1730056565
428,rio grande,-32.035,-52.0986,19.59,58,0,3.9,BR,1730056566
429,gunnison,38.7,-107.0673,9.88,12,96,1.88,US,1730056567
430,kismayo,-0.3582,42.5454,26.28,78,100,5.37,SO,1730056568
431,hounde,11.5,-3.5167,29.97,41,53,1.81,BF,1730056569
432,abadeh,31.1608,52.6506,11.01,34,5,3.85,IR,1730056570
433,namibe,-15.1961,12.1522,19.25,85,67,2.91,AO,1730056572
434,puerto san jose,13.9256,-90.8244,34.03,66,0,4.12,GT,1730056524
435,fortuna,40.5982,-124.1573,15.52,97,75,3.09,US,1730056574
436,kuanda,56.3161,116.0806,-5.79,97,100,0.27,RU,1730056551
437,faya-largeau,17.9257,19.1043,25.12,15,0,5.89,TD,1730056577
438,elko,41.0002,-115.5012,20.64,18,66,4.02,US,1730056578
439,santiago del estero,-27.7951,-64.2615,30.84,21,6,3.82,AR,1730056337
440,puerto aysen,-45.4,-72.7,11.22,80,96,3.06,CL,1730056580
441,iranshahr,27.2025,60.6848,27.14,25,1,2.89,IR,1730056375
442,newman,37.3138,-121.0208,22.24,64,99,0.89,US,1730056583
443,princeville,45.7668,-61.2985,7.09,58,75,7.72,CA,1730056503
444,hotan,37.0997,79.9269,12.41,26,33,0.81,CN,1730056585
445,itoman,26.1247,127.6694,26.01,92,0,4.12,JP,1730056586
446,lovington,32.944,-103.3485,29.54,24,0,2.24,US,1730056587
447,beni saf,35.301,-1.3823,16.35,67,97,1.79,DZ,1730056588
448,port saint john's,-31.6229,29.5448,19.12,81,73,4.32,ZA,1730056399
449,talcahuano,-36.7167,-73.1167,18.82,59,0,6.17,CL,1730056527
450,betio village,1.358,172.9211,27.02,74,100,3.67,KI,1730056592
451,bubaque,11.2833,-15.8333,28.06,78,100,5.01,GW,1730056593
452,ceuta,35.8903,-5.3075,17.02,57,99,5.45,ES,1730056594
453,pacasmayo,-7.4006,-79.5714,20.77,73,80,7.75,PE,1730056595
454,gizo,-8.103,156.8419,27.75,78,88,3.08,SB,1730056597
455,okha,53.5739,142.9478,-0.99,84,97,2.37,RU,1730056598
456,zilair,52.2332,57.4392,-0.57,95,82,1.48,RU,1730056599
457,mossel bay,-34.1831,22.146,17.96,87,100,15.91,ZA,1730056600
458,oriximina,-1.7656,-55.8661,35.49,30,100,3.01,BR,1730056601
459,lerwick,60.1545,-1.1494,8.98,78,99,5.11,GB,1730056322
460,ust'-kulom,61.6864,53.6902,0.91,99,100,1.17,RU,1730056604
461,yuzhno-kurilsk,44.0306,145.8556,13.07,99,100,1.9,RU,1730056606
462,al artawiyah,26.5053,45.3444,21.02,65,0,5.25,SA,1730056608
463,broome,42.2506,-75.833,12.16,40,0,4.02,US,1730056609
464,bokhan,53.153,103.7714,2.42,84,98,1.13,RU,1730056610
465,vorgashor,67.5833,63.95,-5.56,97,74,2.26,RU,1730056611
466,inirida,3.8653,-67.9239,36.34,40,81,0.69,CO,1730056612
467,demre,36.2537,29.9777,17.35,56,99,2.42,TR,1730056614
468,ghanzi,-21.5667,21.7833,24.15,6,8,4.18,BW,1730056615
469,taupo,-38.6833,176.0833,9.04,78,84,5.67,NZ,1730056333
470,simanggang,1.2472,111.4528,23.99,100,0,0.0,MY,1730056617
471,murghob,38.1702,73.9667,-0.14,72,93,2.93,TJ,1730056618
472,amga,60.8953,131.9608,-23.47,100,100,0.2,RU,1730056619
473,el hajeb,33.6879,-5.371,9.98,75,100,2.76,MA,1730056575
474,nemuro,43.3236,145.575,14.05,95,100,4.78,JP,1730056622
475,aasiaat,68.7098,-52.8699,-11.24,67,5,7.57,GL,1730056422
476,konarka,19.9,86.1167,25.46,91,56,2.99,IN,1730056624
477,carolina,18.3808,-65.9574,32.36,72,40,4.63,PR,1730056533
478,boa vista,2.8197,-60.6733,34.99,41,40,2.57,BR,1730056627
479,namtsy,62.7161,129.6658,-23.11,99,92,1.06,RU,1730056628
480,monticello,45.3055,-93.7941,17.24,38,0,5.66,US,1730056629
481,port lincoln,-34.7333,135.8667,13.74,77,59,5.0,AU,1730056451
482,rabak,13.1809,32.74,30.66,17,10,3.76,SD,1730056631
483,belyy yar,53.6039,91.3903,7.94,81,0,6.0,RU,1730056360
484,xianyang,34.3378,108.7026,8.58,93,0,0.0,CN,1730056634
485,las terrenas,19.311,-69.5428,31.93,74,40,2.06,DO,1730056635
486,muang xay,20.7,101.9833,18.71,71,18,1.16,LA,1730056638
487,mochudi,-24.4167,26.15,26.33,10,29,6.81,BW,1730056639
488,tazacorte,28.629,-17.9293,21.54,80,75,8.23,ES,1730056479
489,dubbo,-32.25,148.6167,8.07,87,0,3.6,AU,1730056642
490,morris,40.8334,-74.5329,14.3,27,20,1.54,US,1730056576
491,miyakonojo,31.7333,131.0667,20.16,99,100,0.69,JP,1730056391
492,prado,-17.3411,-39.2208,26.99,71,62,5.97,BR,1730056648
493,fortaleza,-3.7227,-38.5247,29.07,65,20,6.17,BR,1730056472
494,ulaangom,49.9811,92.0667,1.32,82,100,0.7,MN,1730056651
495,coquimbo,-29.9533,-71.3436,18.32,61,40,5.14,CL,1730056045
496,nookat,40.2671,72.6207,7.75,96,100,1.46,KG,1730056653
497,debark',13.1561,37.8981,10.52,89,70,2.64,ET,1730056654
498,shinas,24.7433,56.4658,29.59,62,4,5.62,OM,1730056656
499,bahia blanca,-38.7196,-62.2724,29.34,21,93,5.36,AR,1730056658
500,pitimbu,-7.4706,-34.8086,27.54,70,8,5.4,BR,1730056659
501,sandomierz,50.6827,21.749,10.92,90,76,0.45,PL,1730056660
502,dunedin,-45.8742,170.5036,9.33,80,100,2.68,NZ,1730056662
503,cannonvale,-20.2833,148.7,23.66,76,55,4.76,AU,1730056663
504,vila velha,-20.3297,-40.2925,23.97,81,100,8.49,BR,1730056664
505,lillehammer,61.1146,10.4674,4.26,75,0,2.12,NO,1730056665
506,fiambala,-27.6871,-67.6149,26.09,27,0,6.83,AR,1730056666
507,bamboo flat,11.7,92.7167,26.54,80,60,3.25,IN,1730056667
508,ceeldheer,3.8488,47.1806,26.41,83,89,3.86,SO,1730056669
509,fort mcmurray,56.7268,-111.381,3.77,65,100,7.2,CA,1730056670
510,sao borja,-28.6606,-56.0044,27.19,37,0,4.18,BR,1730056550
511,castillos,-34.1667,-53.8333,19.67,50,0,2.65,UY,1730056611
512,ushtobe,45.2514,77.9838,11.45,66,100,0.56,KZ,1730056673
513,matoury,4.8483,-52.3317,30.98,58,0,6.17,GF,1730056674
514,key west,24.5557,-81.7826,29.0,58,20,6.69,US,1730056676
515,darwin,-12.4611,130.8418,27.72,76,40,1.03,AU,1730056463
516,laminusa,5.5549,120.9136,27.7,74,70,0.89,PH,1730056679
517,port shepstone,-30.7414,30.455,20.52,79,21,9.22,ZA,1730056680
518,nar'yan-mar,67.6713,53.087,0.29,92,99,4.06,RU,1730056681
519,saint-pierre,-21.3393,55.4781,23.82,78,0,2.06,RE,1730056603
520,terme,41.2092,36.9739,11.75,84,0,2.21,TR,1730056620
521,bikenibeu village,1.3673,173.1241,26.98,89,75,1.03,KI,1730056685
522,aykhal,66.0,111.5,-18.33,100,94,2.54,RU,1730056686
523,ballycastle,55.2044,-6.243,11.41,99,100,5.19,GB,1730056687
524,al fallujah,33.3538,43.7795,20.07,24,0,4.38,IQ,1730056689
525,kembe,4.6228,21.8865,22.77,89,70,0.55,CF,1730056690
526,severoural'sk,60.1533,59.952,-0.54,81,100,1.22,RU,1730056691
527,katsuren-haebaru,26.3369,127.8719,26.01,91,0,2.06,JP,1730056692
528,ulladulla,-35.35,150.4667,17.56,45,62,4.05,AU,1730056693
529,wellington,-41.2866,174.7756,12.81,71,1,5.66,NZ,1730056694
530,bargaal,11.2864,51.0773,26.88,78,26,2.19,SO,1730056695
531,yatou,37.15,122.3833,9.03,77,0,3.54,CN,1730056697
532,palmas,-10.2128,-48.3603,30.98,51,98,2.68,BR,1730056192
533,taksimo,56.3444,114.8794,-4.63,92,100,0.71,RU,1730056699
534,greymouth,-42.4667,171.2,8.08,90,100,3.34,NZ,1730056700
535,trongsa,27.5026,90.5072,10.42,78,96,1.24,BT,1730056701
536,gadzhiyevo,69.2551,33.3362,4.3,86,100,10.65,RU,1730056703
537,kenora,49.8167,-94.4337,9.54,53,75,5.14,CA,1730056704
538,wenling,28.3669,121.36,17.26,78,100,6.14,CN,1730056480
539,kijang,35.2442,129.2139,14.85,83,87,1.77,KR,1730056707
540,vielha,42.6846,0.7726,0.93,83,100,1.67,ES,1730056708
541,madang,-5.2246,145.7966,23.53,91,24,1.77,PG,1730056710
542,ailuk,10.2197,169.9797,28.58,77,100,5.94,MH,1730056711
543,chibougamau,49.9168,-74.3659,-3.21,74,100,5.66,CA,1730056439
544,matadi,-5.8167,13.45,28.16,72,100,4.32,CD,1730056713
545,zangilan,39.0883,46.6512,8.97,77,75,0.4,AZ,1730056714
546,prudentopolis,-25.2131,-50.9778,27.19,40,0,1.1,BR,1730056716
547,tura,25.5198,90.2201,21.53,86,0,1.13,IN,1730056549
548,rawdon,46.0501,-73.7159,4.75,29,87,6.07,CA,1730056498
549,ketchikan,55.3422,-131.6461,8.21,81,100,3.09,US,1730056482
550,dzhangala,49.2167,50.3333,7.66,67,100,5.2,KZ,1730056720
551,seven pagodas,12.6264,80.1722,28.04,70,35,1.56,IN,1730056722
552,los altos,37.3852,-122.1141,23.33,73,40,1.79,US,1730056723
553,yagoua,10.3411,15.2329,27.0,27,36,2.96,CM,1730056724
554,pesqueira,-8.3578,-36.6964,29.98,35,59,8.05,BR,1730056725
555,general villegas,-35.0328,-63.0125,28.05,33,0,6.95,AR,1730056726
556,luanshya,-13.1367,28.4166,19.88,80,100,2.86,ZM,1730056727
557,boca do acre,-8.7522,-67.3978,24.12,94,100,1.26,BR,1730056729
558,corinto,37.9407,22.9573,16.05,54,8,0.24,GR,1730056730
559,tupanatinga,-8.7533,-37.3397,33.95,21,11,4.92,BR,1730056731
560,akureyri,65.6835,-18.0878,-1.04,74,75,2.57,IS,1730056734
561,laredo,27.5064,-99.5075,33.14,37,0,5.14,US,1730056544
562,januaria,-15.4833,-44.3667,33.36,36,54,3.28,BR,1730056533
563,galappo,-4.2667,35.85,22.87,57,55,3.69,TZ,1730056737
564,sonoita,31.85,-112.8333,32.21,8,100,2.72,MX,1730056738
565,poronaysk,49.2167,143.1167,-0.08,67,100,3.87,RU,1730056740
566,zhuanghe,39.7008,122.9911,5.37,58,0,1.71,CN,1730056741
567,hoa binh,20.8133,105.3383,17.9,94,100,1.71,VN,1730056719
568,jinghong,21.991,100.7341,19.37,98,4,1.12,CN,1730056743
569,tongouson,5.0214,120.1328,27.17,80,92,1.59,PH,1730056744
570,eraan,9.0629,117.7016,26.04,87,100,2.45,PH,1730056745
571,colonia,50.9333,6.95,15.54,90,75,1.54,DE,1730056507
572,aripuana,-9.1667,-60.6333,24.67,94,100,0.11,BR,1730056748
573,pokhara,28.2333,83.9833,18.28,70,10,1.76,NP,1730056749
574,muna,20.4833,-89.7167,29.81,61,98,3.87,MX,1730056750
575,buseresere,-3.0236,31.8747,20.14,78,89,2.08,TZ,1730056752
576,francisco beltrao,-26.0811,-53.055,28.61,35,4,0.26,BR,1730056619
577,alamosa,37.4695,-105.87,15.99,27,0,0.0,US,1730056754
578,kampong thom,12.7111,104.8887,22.08,98,100,2.08,KH,1730056755
579,odessa,46.4775,30.7326,13.76,80,6,5.22,UA,1730056756
580,sitka,57.0531,-135.33,6.94,76,0,1.54,US,1730056758
581,newport beach,33.6189,-117.9289,27.14,59,75,2.06,US,1730056759
582,ibarreta,-25.2144,-59.8585,34.44,11,0,2.73,AR,1730056760
583,nadi,-17.8,177.4167,24.0,83,20,2.57,FJ,1730056681
584,kalmunai,7.4167,81.8167,27.22,81,37,2.26,LK,1730056762
585,tamanrasset,22.785,5.5228,24.95,16,0,2.06,DZ,1730056764
586,sur,22.5667,59.5289,29.55,42,0,2.54,OM,1730056765
587,divonne-les-bains,46.3594,6.1357,12.97,91,85,0.51,FR,1730056571
588,nizhniy odes,63.6445,54.856,0.55,85,80,1.99,RU,1730056768
589,pierre,44.3683,-100.351,22.38,26,0,1.79,US,1730056755
590,mahavelona,-17.6848,49.5087,23.27,91,94,1.65,MG,1730056770
591,minas de matahambre,22.5887,-83.9447,26.81,69,100,4.99,CU,1730056771
592,kabinda,-6.1333,24.4833,20.98,91,76,1.74,CD,1730056772
593,vila franca do campo,37.7167,-25.4333,19.23,99,84,2.92,PT,1730056660
594,lautoka,-17.6167,177.4667,23.92,83,20,2.57,FJ,1730056775
